"status","categoryName","categoryId","parentId","image","Alias"
"ACTIVE","Commercial Equipment & Tools","CATA86A07AB",NULL,"https://rekognition-vision-images.s3.amazonaws.com/1592301066716",NULL
"ACTIVE","Power Supply","CAT6430FEB5","CATA86A07AB","https://rekognition-vision-images.s3.amazonaws.com/1592301066864",NULL
"ACTIVE","Automobile","CAT5B328251","CATA86A07AB","https://rekognition-vision-images.s3.amazonaws.com/1592301066871",NULL
"ACTIVE","Garden & Outdoors","CATD567F6A4","CATA86A07AB","https://rekognition-vision-images.s3.amazonaws.com/1592301066755",NULL
"ACTIVE","Industrial & Scientific","CAT4A9494EE","CATA86A07AB","https://rekognition-vision-images.s3.amazonaws.com/1592301066857",NULL
"ACTIVE","Building Supplies","CATC21D4F29","CATA86A07AB",NULL,NULL
"ACTIVE","Solar & Wind Power","CAT2262F6FE","CAT6430FEB5",NULL,NULL
"ACTIVE","Generators","CATA6B6F7E9","CAT6430FEB5",NULL,NULL
"ACTIVE","Power Inverters","CAT1182615E","CAT6430FEB5",NULL,NULL
"ACTIVE","Generator Accessories","CATE89DE3C1","CAT6430FEB5",NULL,NULL
"ACTIVE","Rechargeable Power Supplies","CAT98D4B913","CAT6430FEB5",NULL,NULL
"ACTIVE","Generator Replacement","CAT267633C4","CAT6430FEB5",NULL,NULL
"ACTIVE","Car Care","CAT2474A342","CAT5B328251",NULL,NULL
"ACTIVE","Car Electronics & Accessories","CATD7B3B06A","CAT5B328251",NULL,NULL
"ACTIVE","Exterior Accessories","CAT29CE89F4","CAT5B328251",NULL,NULL
"ACTIVE","Interior Accessories","CATE15C4EBD","CAT5B328251",NULL,NULL
"ACTIVE","Lights & Lighting Accessories","CAT7D60B6FB","CAT5B328251",NULL,NULL
"ACTIVE","Motorcycle & Powersports","CATA6B4932A","CAT5B328251",NULL,NULL
"ACTIVE","Oils & Fluids","CAT32A49217","CAT5B328251",NULL,NULL
"ACTIVE","Paint & Paint Supplies","CAT02EF4E47","CAT5B328251",NULL,NULL
"ACTIVE","Power & Battery","CATA254C994","CAT5B328251",NULL,NULL
"ACTIVE","Replacement Parts","CAT3D732D2A","CAT5B328251",NULL,NULL
"ACTIVE","Tools & Equipment","CAT8EEB23D9","CAT5B328251",NULL,NULL
"ACTIVE","Tyre & Rim","CAT2CC35DEF","CAT5B328251",NULL,NULL
"ACTIVE","Farm & Ranch","CAT722A578B","CATD567F6A4",NULL,NULL
"ACTIVE","Gardening & Lawn Care","CATD1966E57","CATD567F6A4",NULL,NULL
"ACTIVE","Grills & Outdoor Cooking","CATDECD949C","CATD567F6A4",NULL,NULL
"ACTIVE","Outdoor DÃ©cor","CATA2F13819","CATD567F6A4",NULL,NULL
"ACTIVE","Outdoor Heating & Cooling","CATEA3FF805","CATD567F6A4",NULL,NULL
"ACTIVE","Outdoor Lighting","CATA1B0866C","CATD567F6A4",NULL,NULL
"ACTIVE","Outdoor Power Tools","CATC44FFD95","CATD567F6A4",NULL,NULL
"ACTIVE","Patio Furniture & Accessories","CATC50EE8D5","CATD567F6A4",NULL,NULL
"ACTIVE","Pools, Hot Tubs & Supplies","CAT65073D84","CATD567F6A4",NULL,NULL
"ACTIVE","Abrasive & Finishing Products","CATD2F450A3","CAT4A9494EE",NULL,NULL
"ACTIVE","Additive Manufacturing Products","CATAE9D959B","CAT4A9494EE",NULL,NULL
"ACTIVE","Commercial Door Products","CAT839E8FF0","CAT4A9494EE",NULL,NULL
"ACTIVE","Cutting Tools","CAT9C154F6B","CAT4A9494EE",NULL,NULL
"ACTIVE","Fasteners","CATC6A853E1","CAT4A9494EE",NULL,NULL
"ACTIVE","Filtration","CATC90A9D78","CAT4A9494EE",NULL,NULL
"ACTIVE","Food Service Equipment & Supplies","CATCA38320D","CAT4A9494EE",NULL,NULL
"ACTIVE","Hydraulics, Pneumatics & Plumbing","CAT7B435329","CAT4A9494EE",NULL,NULL
"ACTIVE","Industrial Electrical","CATD5C42B93","CAT4A9494EE",NULL,NULL
"ACTIVE","Industrial Hardware","CATE4A4ABF1","CAT4A9494EE",NULL,NULL
"ACTIVE","Industrial Power & Hand Tools","CAT85E411BE","CAT4A9494EE",NULL,NULL
"ACTIVE","Janitorial & Sanitation Supplies","CATE61A105E","CAT4A9494EE",NULL,NULL
"ACTIVE","Lab & Scientific Products","CAT79C7338C","CAT4A9494EE",NULL,NULL
"ACTIVE","Material Handling Products","CAT79E6F29B","CAT4A9494EE",NULL,NULL
"ACTIVE","Occupational Health & Safety Products","CATEB5B1FD6","CAT4A9494EE",NULL,NULL
"ACTIVE","Packaging & Shipping Supplies","CAT00D79961","CAT4A9494EE",NULL,NULL
"ACTIVE","Power Transmission Products","CAT3100B900","CAT4A9494EE",NULL,NULL
"ACTIVE","Professional Dental Supplies","CAT10054994","CAT4A9494EE",NULL,NULL
"ACTIVE","Professional Medical Supplies","CATEEE1B072","CAT4A9494EE",NULL,NULL
"ACTIVE","Raw Materials","CATFFCE6EA1","CAT4A9494EE",NULL,NULL
"ACTIVE","Retail Store Fixtures & Equipment","CATC269216F","CAT4A9494EE",NULL,NULL
"ACTIVE","Robotics","CATDC1EF9EF","CAT4A9494EE",NULL,NULL
"ACTIVE","Science Education","CAT4C0CF60B","CAT4A9494EE",NULL,NULL
"ACTIVE","Tapes, Adhesives & Sealants","CAT1CA11502","CAT4A9494EE",NULL,NULL
"ACTIVE","Test, Measure & Inspect","CAT2BBDCC97","CAT4A9494EE",NULL,NULL
"ACTIVE","Cleaning Kits","CAT6BBEC045","CAT2474A342",NULL,NULL
"ACTIVE","Exterior Care","CATEB19A08E","CAT2474A342",NULL,NULL
"ACTIVE","Glass Care","CATD7A73C8D","CAT2474A342",NULL,NULL
"ACTIVE","Interior Care","CAT5684B6E9","CAT2474A342",NULL,NULL
"ACTIVE","Tire & Wheel Care","CAT4FB9F371","CAT2474A342",NULL,NULL
"ACTIVE","Car Care","CAT9A0D399F","CAT66BEA0FA",NULL,NULL
"ACTIVE","Tools & Equipment","CATCC0AE5A8","CAT9A0D399F",NULL,"car care_tools & equipment"
"ACTIVE","Undercoatings","CAT0E6931A0","CAT2474A342",NULL,NULL
"ACTIVE","Car Electronics","CAT5705D45F","CATD7B3B06A",NULL,NULL
"ACTIVE","Car Electronics Accessories","CAT9680B50F","CATD7B3B06A",NULL,NULL
"ACTIVE","Cargo Management","CAT825C20F8","CAT29CE89F4",NULL,NULL
"ACTIVE","Covers","CAT52A3B0E2","CAT29CE89F4",NULL,NULL
"ACTIVE","Deflectors & Shields","CAT8C0DC53B","CAT29CE89F4",NULL,NULL
"ACTIVE","Emblems","CAT537545B7","CAT29CE89F4",NULL,NULL
"ACTIVE","Fender Flares & Trim","CATA1EC78BC","CAT29CE89F4",NULL,NULL
"ACTIVE","Gas Caps","CAT9F040C75","CAT29CE89F4",NULL,NULL
"ACTIVE","Gas Tank Doors","CATF637B4FE","CAT29CE89F4",NULL,NULL
"ACTIVE","Grilles & Grille Guards","CATB9D0B42A","CAT29CE89F4",NULL,NULL
"ACTIVE","Hood Scoops & Vents","CAT8036256E","CAT29CE89F4",NULL,NULL
"ACTIVE","Horns & Accessories","CATCDB2E89E","CAT29CE89F4",NULL,NULL
"ACTIVE","License Plate Covers & Frames","CAT2E4A9545","CAT29CE89F4",NULL,NULL
"ACTIVE","Mirrors","CAT11E1C145","CAT29CE89F4",NULL,NULL
"ACTIVE","Mud Flaps & Splash Guards","CAT68D6DE96","CAT29CE89F4",NULL,NULL
"ACTIVE","Roll Bars, Roll Cages & Covers","CAT60F81E00","CAT29CE89F4",NULL,NULL
"ACTIVE","Running Boards & Steps","CATE545C0A1","CAT29CE89F4",NULL,NULL
"ACTIVE","Safety","CATC3D2E5F8","CAT29CE89F4",NULL,NULL
"ACTIVE","Snow & Ice","CAT676DE4BA","CAT29CE89F4",NULL,NULL
"ACTIVE","Spare Tire Carriers","CATB40A5913","CAT29CE89F4",NULL,NULL
"ACTIVE","Spoilers, Wings & Styling Kits","CATA557C4B1","CAT29CE89F4",NULL,NULL
"ACTIVE","Towing Products & Winches","CAT7CCE8803","CAT29CE89F4",NULL,NULL
"ACTIVE","Trailer Accessories","CAT27AAEDA1","CAT29CE89F4",NULL,NULL
"ACTIVE","Truck Bed & Tailgate Accessories","CAT6B1658F7","CAT29CE89F4",NULL,NULL
"ACTIVE","Vinyl Wraps & Accessories","CAT3EA9F4AB","CAT29CE89F4",NULL,NULL
"ACTIVE","Window Louvers","CAT7851AFDE","CAT29CE89F4",NULL,NULL
"ACTIVE","Antenna Toppers","CATC56AEAE4","CATE15C4EBD",NULL,NULL
"ACTIVE","Body Armor","CATB0C4EE08","CATE15C4EBD",NULL,NULL
"ACTIVE","Bumper Stickers, Decals & Magnets","CAT956096E5","CATE15C4EBD",NULL,NULL
"ACTIVE","Bumpers & Bumper Accessories","CAT1F758594","CATE15C4EBD",NULL,NULL
"ACTIVE","Air Fresheners","CAT4F68D6CC","CATE15C4EBD",NULL,NULL
"ACTIVE","Antitheft","CAT2037D424","CATE15C4EBD",NULL,NULL
"ACTIVE","Apparel","CATE53193AE","CATE15C4EBD",NULL,NULL
"ACTIVE","Ashtrays","CATD065F9FD","CATE15C4EBD",NULL,NULL
"ACTIVE","Compasses","CAT79C95B80","CATE15C4EBD",NULL,NULL
"ACTIVE","Consoles & Organizers","CAT70AE10D9","CATE15C4EBD",NULL,NULL
"ACTIVE","Interior Accessories","CAT025034E1","CATE3AC2904",NULL,NULL
"ACTIVE","Covers","CAT846A046D","CAT025034E1",NULL,"interior accessories_covers"
"ACTIVE","Cup Holders","CAT4DB87CE1","CATE15C4EBD",NULL,NULL
"ACTIVE","Door Entry Guard","CAT0C0A502C","CATE15C4EBD",NULL,NULL
"ACTIVE","Electrical Appliances","CAT3CF662C8","CATE15C4EBD",NULL,NULL
"ACTIVE","Floor Mats & Cargo Liners","CATD42F09ED","CATE15C4EBD",NULL,NULL
"ACTIVE","Garbage Cans","CATB6C49ADC","CATE15C4EBD",NULL,NULL
"ACTIVE","Gauges","CAT54A372CE","CATE15C4EBD",NULL,NULL
"ACTIVE","Grab Handles","CAT348F0C1D","CATE15C4EBD",NULL,NULL
"ACTIVE","Gun Racks","CATFC52CB76","CATE15C4EBD",NULL,NULL
"ACTIVE","Key Chains","CAT7D34F0FD","CATE15C4EBD",NULL,NULL
"ACTIVE","Interior Accessories","CAT19AD7CF0","CAT35B46FD3",NULL,NULL
"ACTIVE","Mirrors","CATB1480E6A","CAT19AD7CF0",NULL,"interior accessories_mirrors"
"ACTIVE","Pedals & Pedal Accessories","CAT37A21FEE","CATE15C4EBD",NULL,NULL
"ACTIVE","Interior Accessories","CAT617A354A","CAT032CE53A",NULL,NULL
"ACTIVE","Safety","CATA5073267","CAT617A354A",NULL,"interior accessories_safety"
"ACTIVE","Seat Covers & Accessories","CAT37F681A4","CATE15C4EBD",NULL,NULL
"ACTIVE","Shift Boots & Knobs","CATF84A775F","CATE15C4EBD",NULL,NULL
"ACTIVE","Steering Wheels & Accessories","CAT672CD7ED","CATE15C4EBD",NULL,NULL
"ACTIVE","Sun Protection","CAT86FE478A","CATE15C4EBD",NULL,NULL
"ACTIVE","Accent & Off Road Lighting","CATA72E9795","CAT7D60B6FB",NULL,NULL
"ACTIVE","Bulbs","CATFA61FF9B","CAT7D60B6FB",NULL,NULL
"ACTIVE","Lenses","CAT5BA75C15","CAT7D60B6FB",NULL,NULL
"ACTIVE","Light Covers","CATD36B4068","CAT7D60B6FB",NULL,NULL
"ACTIVE","Lighting Assemblies & Accessories","CATCD477DD0","CAT7D60B6FB",NULL,NULL
"ACTIVE","Lighting Conversion Kits","CAT1597E8EC","CAT7D60B6FB",NULL,NULL
"ACTIVE","Towing & Trailer Lighting","CAT068F693D","CAT7D60B6FB",NULL,NULL
"ACTIVE","Warning & Emergency Lights","CATF84EF8A3","CAT7D60B6FB",NULL,NULL
"ACTIVE","Accessories","CATB0C93A31","CATA6B4932A",NULL,NULL
"ACTIVE","Fluids & Maintenance","CAT3AC97751","CATA6B4932A",NULL,NULL
"ACTIVE","Parts","CAT9D93430C","CATA6B4932A",NULL,NULL
"ACTIVE","Protective Gear","CATA6C0000A","CATA6B4932A",NULL,NULL
"ACTIVE","Vehicles","CAT5E3CE093","CATA6B4932A",NULL,NULL
"ACTIVE","Additives","CAT2B27E89C","CAT32A49217",NULL,NULL
"ACTIVE","Body Repair & Restoration Chemicals","CAT20702AAD","CAT32A49217",NULL,NULL
"ACTIVE","Brake Fluids","CAT8C9D9A7A","CAT32A49217",NULL,NULL
"ACTIVE","Flushes","CAT7CBAC4D1","CAT32A49217",NULL,NULL
"ACTIVE","Greases & Lubricants","CAT4770A572","CAT32A49217",NULL,NULL
"ACTIVE","Oils","CATC735FE72","CAT32A49217",NULL,NULL
"ACTIVE","Power Steering Fluids","CAT10F073F1","CAT32A49217",NULL,NULL
"ACTIVE","Radiator Conditioners & Protectants","CAT224438A0","CAT32A49217",NULL,NULL
"ACTIVE","Refrigerants","CAT785A81DD","CAT32A49217",NULL,NULL
"ACTIVE","Sealers","CATB37F9389","CAT32A49217",NULL,NULL
"ACTIVE","Transmission Fluids","CAT11AD3105","CAT32A49217",NULL,NULL
"ACTIVE","Windshield Washer Fluids","CAT8CEC9D54","CAT32A49217",NULL,NULL
"ACTIVE","Winter Products","CATE1D01933","CAT32A49217",NULL,NULL
"ACTIVE","Batteries & Accessories","CAT4C3285C3","CAT3D732D2A",NULL,NULL
"ACTIVE","Bearings & Seals","CAT01D895D4","CAT3D732D2A",NULL,NULL
"ACTIVE","Belts, Hoses & Pulleys","CAT7C297850","CAT3D732D2A",NULL,NULL
"ACTIVE","Body & Trim","CAT65143D05","CAT3D732D2A",NULL,NULL
"ACTIVE","Brake System","CAT23884A6C","CAT3D732D2A",NULL,NULL
"ACTIVE","Cables","CAT5725BCE6","CAT3D732D2A",NULL,NULL
"ACTIVE","Caps","CAT5957A471","CAT3D732D2A",NULL,NULL
"ACTIVE","Engine Cooling & Climate Control","CAT0A54D909","CAT3D732D2A",NULL,NULL
"ACTIVE","Engines & Engine Parts","CAT4CA14177","CAT3D732D2A",NULL,NULL
"ACTIVE","Exhaust & Emissions","CATBBA98803","CAT3D732D2A",NULL,NULL
"ACTIVE","Filters","CATCA204CBA","CAT3D732D2A",NULL,NULL
"ACTIVE","Fuel System","CATC913411C","CAT3D732D2A",NULL,NULL
"ACTIVE","Gaskets","CATC69B0DDE","CAT3D732D2A",NULL,NULL
"ACTIVE","Diagnostic, Testing & Measuring Tools","CAT9E103D81","CAT8EEB23D9",NULL,NULL
"ACTIVE","Tire & Wheel Tools","CATE45329CC","CAT8EEB23D9",NULL,NULL
"ACTIVE","Car, Light Truck & SUV","CAT84ABD94C","CAT2CC35DEF",NULL,NULL
"ACTIVE","Farm & Industrial","CAT3B7ABE2A","CAT2CC35DEF",NULL,NULL
"ACTIVE","Inflator and guages","CATD9BFDBE2","CAT2CC35DEF",NULL,NULL
"ACTIVE","Rims","CAT3F82CCF9","CAT2CC35DEF",NULL,NULL
"ACTIVE","Splash guard","CATF5329AFB","CAT2CC35DEF",NULL,NULL
"ACTIVE","Tyre","CAT4852F758","CAT2CC35DEF",NULL,NULL
"ACTIVE","Tyre & Rim Accessories","CAT6DBB162A","CAT2CC35DEF",NULL,NULL
"ACTIVE","Agricultural & Construction Machinery","CATB7C72D1E","CAT722A578B",NULL,NULL
"ACTIVE","Agriculture & Grounds Management","CAT8DC3CAAE","CAT722A578B",NULL,NULL
"ACTIVE","Beekeeping Supplies","CAT8F161F39","CAT722A578B",NULL,NULL
"ACTIVE","Clothing & Footwear","CATE3CD201C","CAT722A578B",NULL,NULL
"ACTIVE","Livestock Supplies","CAT73343307","CAT722A578B",NULL,NULL
"ACTIVE","Material Transport","CATD713F4FC","CAT722A578B",NULL,NULL
"ACTIVE","Pest Control","CAT949CB0C3","CAT722A578B",NULL,NULL
"ACTIVE","Plant Germination Equipment","CAT2529B546","CAT722A578B",NULL,NULL
"ACTIVE","Plants, Seeds & Bulbs","CAT21780125","CAT722A578B",NULL,NULL
"ACTIVE","Poultry Care","CATA422383C","CAT722A578B",NULL,NULL
"ACTIVE","Soils, Fertilizers & Mulches","CAT04FF8B0D","CAT722A578B",NULL,NULL
"ACTIVE","Structures & Hardware","CATED6BC7DB","CAT722A578B",NULL,NULL
"ACTIVE","Decorative Garden Stakes","CAT243C0FA8","CATA2F13819",NULL,NULL
"ACTIVE","Doormats","CAT8DAB804F","CATA2F13819",NULL,NULL
"ACTIVE","Flagpole Hardware","CATADA6938C","CATA2F13819",NULL,NULL
"ACTIVE","Flags","CAT2D06946F","CATA2F13819",NULL,NULL
"ACTIVE","Fountain Accessories","CATD7B3E2B4","CATA2F13819",NULL,NULL
"ACTIVE","Fountains","CAT571A94DF","CATA2F13819",NULL,NULL
"ACTIVE","Garage Door Decorations","CAT8FB2D4D3","CATA2F13819",NULL,NULL
"ACTIVE","Garden Bridges","CAT3D165DDD","CATA2F13819",NULL,NULL
"ACTIVE","Lighting","CATBDDB6D5A","CATA2F13819",NULL,NULL
"ACTIVE","Mailbox Accessories","CAT2223C031","CATA2F13819",NULL,NULL
"ACTIVE","Mailbox Covers","CATC7658ED9","CATA2F13819",NULL,NULL
"ACTIVE","Outdoor Clocks","CAT779B2399","CATA2F13819",NULL,NULL
"ACTIVE","Outdoor Curtains","CAT97E0BFF8","CATA2F13819",NULL,NULL
"ACTIVE","Outdoor Holiday Decorations","CAT4DA73A56","CATA2F13819",NULL,NULL
"ACTIVE","Outdoor Rug","CATA47CE042","CATA2F13819",NULL,NULL
"ACTIVE","Outdoor Thermometers","CATE57A82CB","CATA2F13819",NULL,NULL
"ACTIVE","Plaques & Wall Art","CAT62F4FFF2","CATA2F13819",NULL,NULL
"ACTIVE","Rain Chains","CATA9513F26","CATA2F13819",NULL,NULL
"ACTIVE","Rain Gauges","CAT65B93A6D","CATA2F13819",NULL,NULL
"ACTIVE","Sundials","CAT7A12BC37","CATA2F13819",NULL,NULL
"ACTIVE","Weathervanes","CAT1998810F","CATA2F13819",NULL,NULL
"ACTIVE","Wind Sculptures & Spinners","CATEC52726E","CATA2F13819",NULL,NULL
"ACTIVE","Wind Speed Gauges","CAT163620A7","CATA2F13819",NULL,NULL
"ACTIVE","Yard Signs","CAT03910FB8","CATA2F13819",NULL,NULL
"ACTIVE","Fire Glass","CAT03CAA441","CATEA3FF805",NULL,NULL
"ACTIVE","Fire Pit & Outdoor Fireplace Parts","CAT5E85BE3B","CATEA3FF805",NULL,NULL
"ACTIVE","Fire Pit Covers","CATE13B101E","CATEA3FF805",NULL,NULL
"ACTIVE","Fire Pit Spark Screens","CAT92201B9C","CATEA3FF805",NULL,NULL
"ACTIVE","Fire Pits & Outdoor Fireplaces","CAT3E6CA29E","CATEA3FF805",NULL,NULL
"ACTIVE","Firewood Racks","CAT45DC5427","CATEA3FF805",NULL,NULL
"ACTIVE","Misting Fans","CAT35BD3A71","CATEA3FF805",NULL,NULL
"ACTIVE","Misting Parts & Accessories","CAT26015783","CATEA3FF805",NULL,NULL
"ACTIVE","Misting Systems","CATA916A994","CATEA3FF805",NULL,NULL
"ACTIVE","Patio Heater Covers","CAT00112546","CATEA3FF805",NULL,NULL
"ACTIVE","Patio Heater Replacement Parts","CAT79D8006C","CATEA3FF805",NULL,NULL
"ACTIVE","Patio Heaters","CATA86F1D88","CATEA3FF805",NULL,NULL
"ACTIVE","Address Signs","CAT1F79F676","CATC50EE8D5",NULL,NULL
"ACTIVE","Backyard Birding & Wildlife","CAT0CBDB93D","CATC50EE8D5",NULL,NULL
"ACTIVE","Boot Scrapers","CATE8612138","CATC50EE8D5",NULL,NULL
"ACTIVE","Chimes","CAT1875E0F2","CATC50EE8D5",NULL,NULL
"ACTIVE","Cupolas & Accessories","CAT60FD5FD5","CATC50EE8D5",NULL,NULL
"ACTIVE","Decorative Fences","CAT4115E6FE","CATC50EE8D5",NULL,NULL
"ACTIVE","Canopies, Gazebos & Pergolas","CAT8FF267E0","CATC50EE8D5",NULL,NULL
"ACTIVE","Hammocks, Stands & Accessories","CAT7EBB1641","CATC50EE8D5",NULL,NULL
"ACTIVE","Patio Furniture Covers","CATD34BC2F9","CATC50EE8D5",NULL,NULL
"ACTIVE","Patio Furniture Sets","CAT5BBD7E34","CATC50EE8D5",NULL,NULL
"ACTIVE","Patio Seating","CAT8903AE66","CATC50EE8D5",NULL,NULL
"ACTIVE","Picnic Baskets, Tables & Accessories","CAT45D314EB","CATC50EE8D5",NULL,NULL
"ACTIVE","Tables","CAT5AF1C008","CATC50EE8D5",NULL,NULL
"ACTIVE","Umbrellas & Shade","CAT50789FD0","CATC50EE8D5",NULL,NULL
"ACTIVE","Cleaning Tools & Chemicals","CAT48B6A82D","CAT65073D84",NULL,NULL
"ACTIVE","Filters & Filter Media","CAT17587F8E","CAT65073D84",NULL,NULL
"ACTIVE","Heaters & Accessories","CATC6427C4B","CAT65073D84",NULL,NULL
"ACTIVE","Hot Tubs","CAT60555ED6","CAT65073D84",NULL,NULL
"ACTIVE","Parts & Accessories","CATFB6901FF","CAT65073D84",NULL,NULL
"ACTIVE","Pumps","CAT59EAD73E","CAT65073D84",NULL,NULL
"ACTIVE","Saunas","CATC3683C35","CAT65073D84",NULL,NULL
"ACTIVE","Swimming Pools","CAT27794E77","CAT65073D84",NULL,NULL
"ACTIVE","3D Printer Parts & Accessories","CATBB3C3ED1","CATAE9D959B",NULL,NULL
"ACTIVE","3D Printers","CATF6B82DE6","CATAE9D959B",NULL,NULL
"ACTIVE","3D Printing Supplies","CATF90E54F5","CATAE9D959B",NULL,NULL
"ACTIVE","3D Scanners","CAT1ED84985","CATAE9D959B",NULL,NULL
"ACTIVE","Band Saw Blades","CATA49FEF8A","CAT9C154F6B",NULL,NULL
"ACTIVE","Boring Bars","CAT819BE2FC","CAT9C154F6B",NULL,NULL
"ACTIVE","Brazed Tools","CAT819159A3","CAT9C154F6B",NULL,NULL
"ACTIVE","Broaches","CATEFE13D8A","CAT9C154F6B",NULL,NULL
"ACTIVE","Counterbores","CAT649E7073","CAT9C154F6B",NULL,NULL
"ACTIVE","Countersinks","CAT23EF3AC3","CAT9C154F6B",NULL,NULL
"ACTIVE","Cutting Burs","CATB54A3739","CAT9C154F6B",NULL,NULL
"ACTIVE","Cutting Tool Coolants","CAT2589D3B1","CAT9C154F6B",NULL,NULL
"ACTIVE","Deburring Cutters","CATC12CA584","CAT9C154F6B",NULL,NULL
"ACTIVE","Drill & Tap Sets","CAT91289CDA","CAT9C154F6B",NULL,NULL
"ACTIVE","Drill Adapters","CATFC980EB7","CAT9C154F6B",NULL,NULL
"ACTIVE","Fixturing Clamps","CATF2B99777","CAT9C154F6B",NULL,NULL
"ACTIVE","Hole Saws & Accessories","CAT70BB8D0D","CAT9C154F6B",NULL,NULL
"ACTIVE","Indexable Insert Holders","CAT88C689AC","CAT9C154F6B",NULL,NULL
"ACTIVE","Indexable Inserts","CAT87B510AC","CAT9C154F6B",NULL,NULL
"ACTIVE","Industrial Drill Bits","CAT47CB95A9","CAT9C154F6B",NULL,NULL
"ACTIVE","Knurling Tools","CATA5EA7F8D","CAT9C154F6B",NULL,NULL
"ACTIVE","Live Centers","CAT54FEF0C9","CAT9C154F6B",NULL,NULL
"ACTIVE","Metal Cutting Circular Saw Blades","CATA4621CB1","CAT9C154F6B",NULL,NULL
"ACTIVE","Metal Cutting Circular Saws","CATEA98B126","CAT9C154F6B",NULL,NULL
"ACTIVE","Milling Tools","CATC8E50D03","CAT9C154F6B",NULL,NULL
"ACTIVE","Port Contour Cutters","CAT4B6899A7","CAT9C154F6B",NULL,NULL
"ACTIVE","Punches","CATBAEC0944","CAT9C154F6B",NULL,NULL
"ACTIVE","Reamers","CATF82D88DA","CAT9C154F6B",NULL,NULL
"ACTIVE","Router Bits","CATAD486D97","CAT9C154F6B",NULL,NULL
"ACTIVE","Shell Reamer Arbors","CATEB2CA5D6","CAT9C154F6B",NULL,NULL
"ACTIVE","Slotting Cutters","CATC3F2B6EA","CAT9C154F6B",NULL,NULL
"ACTIVE","Thread Mills","CATDBDF41D3","CAT9C154F6B",NULL,NULL
"ACTIVE","Thread Repair Kits","CAT5F6A62AE","CAT9C154F6B",NULL,NULL
"ACTIVE","Threading Dies","CAT0B02F4AB","CAT9C154F6B",NULL,NULL
"ACTIVE","Threading Taps","CAT7533EE97","CAT9C154F6B",NULL,NULL
"ACTIVE","Tool Holders","CAT3A82DF30","CAT9C154F6B",NULL,NULL
"ACTIVE","Bearings","CATE2A2D1E9","CAT3100B900",NULL,NULL
"ACTIVE","Belts","CAT7A8DC7AB","CAT3100B900",NULL,NULL
"ACTIVE","Brakes & Clutches","CATD2744BA8","CAT3100B900",NULL,NULL
"ACTIVE","Chains","CAT8112F0F4","CAT3100B900",NULL,NULL
"ACTIVE","Control Cables","CAT77EC1FC8","CAT3100B900",NULL,NULL
"ACTIVE","Couplings, Collars & Universal Joiners","CATA369AA7C","CAT3100B900",NULL,NULL
"ACTIVE","Enclosures & Cases","CAT71EC456C","CAT3100B900",NULL,NULL
"ACTIVE","Gear Stock & Pinion Wire","CATC2377117","CAT3100B900",NULL,NULL
"ACTIVE","Gearboxes, Gearheads & Speed Reducers","CAT05ED0DD1","CAT3100B900",NULL,NULL
"ACTIVE","Gears","CAT88F0E86A","CAT3100B900",NULL,NULL
"ACTIVE","Linear Motion Products","CAT75F5E4CC","CAT3100B900",NULL,NULL
"ACTIVE","Lubricants and Oils","CAT99BE8108","CAT3100B900",NULL,NULL
"ACTIVE","Magnet Wire","CATA0EAAF9E","CAT3100B900",NULL,NULL
"ACTIVE","Power Take-Offs (PTO's)","CAT805A64BE","CAT3100B900",NULL,NULL
"ACTIVE","Pulleys & Sheaves","CAT1E7EA062","CAT3100B900",NULL,NULL
"ACTIVE","Ratchets & Pawls","CATA772C48C","CAT3100B900",NULL,NULL
"ACTIVE","Roller Chain Sprockets","CAT22CDEC78","CAT3100B900",NULL,NULL
"ACTIVE","Shafting","CAT994C4D3D","CAT3100B900",NULL,NULL
"ACTIVE","Shock & Vibration Control","CATD51623A4","CAT3100B900",NULL,NULL
"ACTIVE","Springs","CATBED72096","CAT3100B900",NULL,NULL
"ACTIVE","Worm Wheels","CAT23070D19","CAT3100B900",NULL,NULL
"ACTIVE","Domestic & Personal Robots","CAT596414F4","CATDC1EF9EF",NULL,NULL
"ACTIVE","Industrial Robots","CAT48F8FDC4","CATDC1EF9EF",NULL,NULL
"ACTIVE","Robot Parts & Accessories","CATC5C613E4","CATDC1EF9EF",NULL,NULL
"ACTIVE","Security & Surveillance Robots","CATA4D96358","CATDC1EF9EF",NULL,NULL
"ACTIVE","Unmanned Aerial Vehicles (UAVs)","CAT6A834B1A","CATDC1EF9EF",NULL,NULL
"ACTIVE","Car Polishes & Waxes","CATE5CB66F9","CATEB19A08E",NULL,NULL
"ACTIVE","Car Wash Equipment","CAT2C35CE75","CATEB19A08E",NULL,NULL
"ACTIVE","Cleaners","CAT3E017FA2","CATEB19A08E",NULL,NULL
"ACTIVE","Polishing & Rubbing Compounds","CATEE42EC11","CATEB19A08E",NULL,NULL
"ACTIVE","Protectants","CAT8F950EBC","CAT5684B6E9",NULL,NULL
"ACTIVE","Vacuums","CATE82B28A3","CAT5684B6E9",NULL,NULL
"ACTIVE","Vinyl Cleaners","CATE6CE9B0D","CAT5684B6E9",NULL,NULL
"ACTIVE","Cloths & Towels","CAT42776E6B","CAT8EEB23D9",NULL,NULL
"ACTIVE","Detailing Tools","CATEEEAD900","CAT8EEB23D9",NULL,NULL
"ACTIVE","Car Audio","CAT443EEFAC","CAT5705D45F",NULL,NULL
"ACTIVE","Car Safety & Security","CAT3D4A9914","CAT5705D45F",NULL,NULL
"ACTIVE","Car Video","CATC856F0A3","CAT5705D45F",NULL,NULL
"ACTIVE","CB Radios & Scanners","CAT3FE61925","CAT5705D45F",NULL,NULL
"ACTIVE","In-Dash Mounting Kits","CATE385915A","CAT5705D45F",NULL,NULL
"ACTIVE","Installation Accessories & Harnesses","CAT9E950F62","CAT5705D45F",NULL,NULL
"ACTIVE","Radar Detectors","CAT29E23A18","CAT5705D45F",NULL,NULL
"ACTIVE","Two-Way Radios","CATCC48116B","CAT5705D45F",NULL,NULL
"ACTIVE","Vehicle Tracking and Monitoring Modules","CAT26A05ACD","CAT5705D45F",NULL,NULL
"ACTIVE","Daytime Running Light Kits","CAT77CC0A08","CATA72E9795",NULL,NULL
"ACTIVE","Daytime Running Light Modules","CAT0D830EE3","CATA72E9795",NULL,NULL
"ACTIVE","LED & Neon Lights","CAT9FF38AAF","CATA72E9795",NULL,NULL
"ACTIVE","License Plate Lights","CAT6100AA71","CATA72E9795",NULL,NULL
"ACTIVE","Light Bars","CAT03EED869","CATA72E9795",NULL,NULL
"ACTIVE","Powersports Accessory Lighting","CAT32C00F75","CATA72E9795",NULL,NULL
"ACTIVE","Remote Lamp Drivers","CAT5DCDDA25","CATA72E9795",NULL,NULL
"ACTIVE","Running Board Lights","CAT5BC2BE69","CATA72E9795",NULL,NULL
"ACTIVE","Running Lights","CAT39065161","CATA72E9795",NULL,NULL
"ACTIVE","Strobe Lights","CATABD26CAC","CATA72E9795",NULL,NULL
"ACTIVE","Tire Lights","CAT23851A23","CATA72E9795",NULL,NULL
"ACTIVE","Back Up Lights","CAT7C2E016B","CATFA61FF9B",NULL,NULL
"ACTIVE","Brake Lights","CAT9756C1D5","CATFA61FF9B",NULL,NULL
"ACTIVE","Dash & Instrument Bulbs","CAT9102B4C5","CATFA61FF9B",NULL,NULL
"ACTIVE","Daytime Running Lights","CAT8807DC0D","CATFA61FF9B",NULL,NULL
"ACTIVE","Driving Lights","CAT63F7FED2","CATFA61FF9B",NULL,NULL
"ACTIVE","Fog Lights","CATC0FE3DE2","CATFA61FF9B",NULL,NULL
"ACTIVE","Hazard Flasher Lights","CATE768861D","CATFA61FF9B",NULL,NULL
"ACTIVE","Headlight Bulbs","CATCE8C35DE","CATFA61FF9B",NULL,NULL
"ACTIVE","Interior & Convenience Bulbs","CATFC83A826","CATFA61FF9B",NULL,NULL
"ACTIVE","Bulbs","CAT911A2D7D","CAT41963E5F",NULL,NULL
"ACTIVE","License Plate Lights","CAT8021DA92","CAT911A2D7D",NULL,"bulbs_license plate lights"
"ACTIVE","Marker Lights","CAT0CC863E9","CATFA61FF9B",NULL,NULL
"ACTIVE","Parking & Side Marker Combos","CAT394348F7","CATFA61FF9B",NULL,NULL
"ACTIVE","Parking Lights","CAT3CA147C6","CATFA61FF9B",NULL,NULL
"ACTIVE","Powersports Headlight","CATBDBC2F9B","CATFA61FF9B",NULL,NULL
"ACTIVE","Tail Lights","CATD84C4640","CATFA61FF9B",NULL,NULL
"ACTIVE","Turn Signal & Fog Light Combos","CAT6A6D82F2","CATFA61FF9B",NULL,NULL
"ACTIVE","Turn Signal Bulbs","CAT4DC480D4","CATFA61FF9B",NULL,NULL
"ACTIVE","Fluids & Maintenance","CAT64BB2092","CATF4C1D9B1",NULL,NULL
"ACTIVE","Brake Fluids","CAT31A779F7","CAT64BB2092",NULL,"fluids & maintenance_brake fluids"
"ACTIVE","Fluids & Maintenance","CAT5CE21AD7","CAT1DA7E513",NULL,NULL
"ACTIVE","Cleaners","CAT3F2A3C56","CAT5CE21AD7",NULL,"fluids & maintenance_cleaners"
"ACTIVE","Coolant","CATFB7DA651","CAT3AC97751",NULL,NULL
"ACTIVE","Lubricants","CATB69C39F8","CAT3AC97751",NULL,NULL
"ACTIVE","Tool Kits","CATF4998C7F","CAT3AC97751",NULL,NULL
"ACTIVE","Fluids & Maintenance","CATCC41599A","CAT133147B3",NULL,NULL
"ACTIVE","Transmission Fluids","CAT654EB31C","CATCC41599A",NULL,"fluids & maintenance_transmission fluids"
"ACTIVE","Body & Frame Parts","CAT5DB03D84","CAT9D93430C",NULL,NULL
"ACTIVE","Braking","CATFE89F0EE","CAT9D93430C",NULL,NULL
"ACTIVE","Controls","CATC7FE8579","CAT9D93430C",NULL,NULL
"ACTIVE","Drive Train","CATA143FE40","CAT9D93430C",NULL,NULL
"ACTIVE","Electrical","CATA3652970","CAT9D93430C",NULL,NULL
"ACTIVE","Engine","CAT238B611A","CAT9D93430C",NULL,NULL
"ACTIVE","Exhaust","CATE923E959","CAT9D93430C",NULL,NULL
"ACTIVE","Parts","CATDFD45712","CAT671FD2C7",NULL,NULL
"ACTIVE","Filters","CAT58970C5A","CATDFD45712",NULL,"parts_filters"
"ACTIVE","Parts","CAT2B5F138D","CAT3E130116",NULL,NULL
"ACTIVE","Fuel System","CAT6BFBEBD3","CAT2B5F138D",NULL,"parts_fuel system"
"ACTIVE","Ignition","CAT37BA3CD9","CAT9D93430C",NULL,NULL
"ACTIVE","Suspension","CAT292AB659","CAT9D93430C",NULL,NULL
"ACTIVE","Wheels & Tires","CAT9FA3AC9B","CAT9D93430C",NULL,NULL
"ACTIVE","Base Layers","CAT653AA95B","CATA6C0000A",NULL,NULL
"ACTIVE","Chest & Back Protectors","CAT065954A8","CATA6C0000A",NULL,NULL
"ACTIVE","Elbow & Wrist Protection","CAT91EA135E","CATA6C0000A",NULL,NULL
"ACTIVE","Eyewear","CAT72C61A88","CATA6C0000A",NULL,NULL
"ACTIVE","Footwear","CATC013F19E","CATA6C0000A",NULL,NULL
"ACTIVE","Gloves","CAT2C0B320F","CATA6C0000A",NULL,NULL
"ACTIVE","Helmet Accessories","CAT3E2EC72E","CATA6C0000A",NULL,NULL
"ACTIVE","Helmets","CATFC96ED15","CATA6C0000A",NULL,NULL
"ACTIVE","Jackets & Vests","CATBF67A81F","CATA6C0000A",NULL,NULL
"ACTIVE","Jerseys","CAT07396F37","CATA6C0000A",NULL,NULL
"ACTIVE","Kidney Belts","CATB9DE0131","CATA6C0000A",NULL,NULL
"ACTIVE","Knee & Shin Protection","CAT2BFA210C","CATA6C0000A",NULL,NULL
"ACTIVE","Neck Protection","CATD3AF37F0","CATA6C0000A",NULL,NULL
"ACTIVE","Pants & Chaps","CATB21BC286","CATA6C0000A",NULL,NULL
"ACTIVE","Racing Suits","CAT5EE8A43F","CATA6C0000A",NULL,NULL
"ACTIVE","Rainwear","CAT104DCCAE","CATA6C0000A",NULL,NULL
"ACTIVE","Riding Headwear","CATB8BA7F15","CATA6C0000A",NULL,NULL
"ACTIVE","Air Conditioning Oils","CATB5637F3B","CATC735FE72",NULL,NULL
"ACTIVE","Gear Oils","CAT8736E404","CATC735FE72",NULL,NULL
"ACTIVE","Hydraulic Oils","CAT3EA05EB0","CATC735FE72",NULL,NULL
"ACTIVE","Motor Oils","CATCE619DD4","CATC735FE72",NULL,NULL
"ACTIVE","Air Cleaner Mounting","CATF5D58CE2","CATC69B0DDE",NULL,NULL
"ACTIVE","Axle Flange","CATCCDDEE88","CATC69B0DDE",NULL,NULL
"ACTIVE","Cam Change Gasket Sets","CAT8999BADC","CATC69B0DDE",NULL,NULL
"ACTIVE","Camshafts","CAT9C430024","CATC69B0DDE",NULL,NULL
"ACTIVE","Carburetor & Fuel Injection Mounting","CAT7C7AF09A","CATC69B0DDE",NULL,NULL
"ACTIVE","Carburetor Baffle Plate","CATAB319EF2","CATC69B0DDE",NULL,NULL
"ACTIVE","Catalytic Converters","CAT67BB5E6F","CATC69B0DDE",NULL,NULL
"ACTIVE","Choke Tube","CAT4677DD8B","CATC69B0DDE",NULL,NULL
"ACTIVE","Clutch & Flywheel Housing Gasket Sets","CAT1AACC032","CATC69B0DDE",NULL,NULL
"ACTIVE","Crankcase Cover Gasket Sets","CATA81578B8","CATC69B0DDE",NULL,NULL
"ACTIVE","Cylinder Head Shim","CATC039D39C","CATC69B0DDE",NULL,NULL
"ACTIVE","Pre-Wax Cleaners","CAT9A8A13E5","CATE5CB66F9",NULL,NULL
"ACTIVE","Waxes","CAT4A5BE4FF","CATE5CB66F9",NULL,NULL
"ACTIVE","Building Materials","CAT7ED8EADA","CATC21D4F29",NULL,NULL
"ACTIVE","Industrial Hand Tools","CATA6E82F6D","CAT85E411BE",NULL,NULL
